baueh101,Bauer,Hank,R,R,NYA,X
berry101,Berra,Yogi,L,R,NYA,X
browb105,Brown,Bobby,L,R,NYA,X
buxtr101,Buxton,Ralph,R,R,NYA,X
byrnt101,Byrne,Tommy,L,L,NYA,X
caseh101,Casey,Hugh,R,R,NYA,X
colej106,Coleman,Jerry,R,R,NYA,X
collj101,Collins,Joe,L,L,NYA,X
delsj101,Delsing,Jim,L,R,NYA,X
dimaj101,DiMaggio,Joe,R,R,NYA,X
henrt101,Henrich,Tommy,L,L,NYA,X
hillf101,Hiller,Frank,R,R,NYA,X
hoodw102,Hood,Wally,R,R,NYA,X
houkr101,Houk,Ralph,R,R,NYA,X
johnb108,Johnson,Bill,R,R,NYA,X
kellc101,Keller,Charlie,L,R,NYA,X
kryhd101,Kryhoski,Dick,L,L,NYA,X
lindj101,Lindell,Johnny,R,R,NYA,X
lopae101,Lopat,Eddie,L,L,NYA,X
mapec101,Mapes,Cliff,L,R,NYA,X
marsc101,Marshall,Cuddles,R,R,NYA,X
mizej101,Mize,Johnny,L,R,NYA,X
molef101,Mole,Fenton,L,L,NYA,X
niarg101,Niarhos,Gus,R,R,NYA,X
pagej101,Page,Joe,L,L,NYA,X
philj101,Phillips,Jack,R,R,NYA,X
pilld101,Pillette,Duane,R,R,NYA,X
portb102,Porterfield,Bob,R,R,NYA,X
rascv101,Raschi,Vic,R,R,NYA,X
reyna102,Reynolds,Allie,R,R,NYA,X
rizzp101,Rizzuto,Phil,R,R,NYA,X
sanff101,Sanford,Fred,B,R,NYA,X
sheas101,Shea,Spec,R,R,NYA,X
silvc101,Silvera,Charlie,R,R,NYA,X
stirs101,Stirnweiss,Snuffy,R,R,NYA,X
witem101,Witek,Mickey,R,R,NYA,X
woodg101,Woodling,Gene,L,R,NYA,X
