aberc101,Aberson,Cliff,R,R,CHN,X
adkid103,Adkins,Dewey,R,R,CHN,X
baumf101,Baumholtz,Frank,L,L,CHN,X
burgs101,Burgess,Smoky,L,R,CHN,X
cavap101,Cavarretta,Phil,L,L,CHN,X
chipb101,Chipman,Bob,L,L,CHN,X
coopm101,Cooper,Mort,R,R,CHN,X
dobej101,Dobernic,Jess,R,R,CHN,X
dubim101,Dubiel,Monk,R,R,CHN,X
edwah101,Edwards,Hank,L,L,CHN,X
gustf101,Gustine,Frankie,R,R,CHN,X
hackw102,Hacker,Warren,R,R,CHN,X
hamnr101,Hamner,Ralph,R,R,CHN,X
jeffh101,Jeffcoat,Hal,R,R,CHN,X
kirbj102,Kirby,Jim,R,R,CHN,X
kushe101,Kush,Emil,R,R,CHN,X
laded101,Lade,Doyle,R,R,CHN,X
leond103,Leonard,Dutch,R,R,CHN,X
lowrp101,Lowrey,Peanuts,R,R,CHN,X
maddc101,Maddern,Clarence,R,R,CHN,X
maucg101,Mauch,Gene,R,R,CHN,X
mclic101,McLish,Cal,B,R,CHN,X
muncb101,Muncrief,Bob,R,R,CHN,X
novor101,Novotney,Rube,R,R,CHN,X
owenm101,Owen,Mickey,R,R,CHN,X
pafka101,Pafko,Andy,R,R,CHN,X
ramab101,Ramazzotti,Bob,R,R,CHN,X
reich101,Reich,Herman,R,L,CHN,X
rushb101,Rush,Bob,R,R,CHN,X
saueh101,Sauer,Hank,R,R,CHN,X
scheb101,Scheffing,Bob,R,R,CHN,X
scheh103,Schenz,Hank,R,R,CHN,X
schmj101,Schmitz,Johnny,R,L,CHN,X
sereb101,Serena,Bill,R,R,CHN,X
sloal101,Sloat,Lefty,R,L,CHN,X
smalr101,Smalley,Roy,R,R,CHN,X
terww101,Terwilliger,Wayne,R,R,CHN,X
verbe101,Verban,Emil,R,R,CHN,X
walkr101,Walker,Rube,L,R,CHN,X
walkh102,Walker,Harry,L,R,CHN,X
