basgm101,Basgall,Monty,R,R,PIT,X
beart101,Beard,Ted,L,L,PIT,X
bocke101,Bockman,Eddie,R,R,PIT,X
bonht101,Bonham,Tiny,R,R,PIT,X
caseh101,Casey,Hugh,R,R,PIT,X
cassj101,Cassini,Jack,R,R,PIT,X
castp102,Castiglione,Pete,R,R,PIT,X
chamc102,Chambers,Cliff,L,L,PIT,X
chesb101,Chesnes,Bob,B,R,PIT,X
dickm101,Dickson,Murry,R,R,PIT,X
fitze101,Fitzgerald,Ed,R,R,PIT,X
fleml101,Fleming,Les,L,L,PIT,X
gregh102,Gregg,Hal,R,R,PIT,X
gumbh101,Gumbert,Harry,R,R,PIT,X
higbk101,Higbe,Kirby,R,R,PIT,X
hoppj102,Hopp,Johnny,L,L,PIT,X
judnw101,Judnich,Wally,L,L,PIT,X
kiner101,Kiner,Ralph,R,R,PIT,X
lombv101,Lombardi,Vic,L,L,PIT,X
masip101,Masi,Phil,R,R,PIT,X
mccuc101,McCullough,Clyde,R,R,PIT,X
muncb101,Muncrief,Bob,R,R,PIT,X
murtd101,Murtaugh,Danny,R,R,PIT,X
philj101,Phillips,Jack,R,R,PIT,X
poatr101,Poat,Ray,R,R,PIT,X
rackm101,Rackley,Marv,L,L,PIT,X
restd101,Restelli,Dino,R,R,PIT,X
rhawr101,Rhawn,Rocky,R,R,PIT,X
ridde101,Riddle,Elmer,R,R,PIT,X
rojes101,Rojek,Stan,R,R,PIT,X
safft101,Saffell,Tom,L,R,PIT,X
sewer101,Sewell,Rip,L,R,PIT,X
steve101,Stevens,Ed,L,L,PIT,X
walkd101,Walker,Dixie,L,R,PIT,X
walsj107,Walsh,Junior,R,R,PIT,X
werlb101,Werle,Bill,L,L,PIT,X
westw102,Westlake,Wally,R,R,PIT,X
